{"cameraMode":{"drawMode":2,"name":"Shaded Wireframe","section":"Shading Mode"},"sceneLighting":false,"audioPlay":false,"sceneViewState":{"showFog":true,"showMaterialUpdate":false,"showSkybox":false,"showFlares":true,"showImageEffects":true,"showParticleSystems":true},"in2DMode":false,"pivot":{"x":-3.6768956184387209,"y":0.48500001430511477,"z":10.542677879333496},"rotation":{"x":0.1586456298828125,"y":0.00411146180704236,"z":-0.0007779815932735801,"w":0.9873979687690735},"size":22.0,"orthographic":false}