{"cameraMode":{"drawMode":2,"name":"Shaded Wireframe","section":"Shading Mode"},"sceneLighting":true,"audioPlay":false,"sceneViewState":{"showFog":true,"showMaterialUpdate":false,"showSkybox":true,"showFlares":true,"showImageEffects":true,"showParticleSystems":true},"in2DMode":false,"pivot":{"x":-0.7882505655288696,"y":0.49883079528808596,"z":9.11217212677002},"rotation":{"x":0.5843504667282105,"y":-0.038915831595659259,"z":0.028068434447050096,"w":0.8101008534431458},"size":2.873859167098999,"orthographic":false}