{"cameraMode":{"drawMode":2,"name":"Shaded Wireframe","section":"Shading Mode"},"sceneLighting":true,"audioPlay":false,"sceneViewState":{"showFog":true,"showMaterialUpdate":false,"showSkybox":true,"showFlares":true,"showImageEffects":true,"showParticleSystems":true},"in2DMode":false,"pivot":{"x":-0.07313960790634155,"y":1.8648583889007569,"z":2.7407469749450685},"rotation":{"x":-0.2004767209291458,"y":-0.022621428593993188,"z":0.004630979150533676,"w":-0.9794296622276306},"size":1.402083158493042,"orthographic":false}