{"cameraMode":{"drawMode":2,"name":"Shaded Wireframe","section":"Shading Mode"},"sceneLighting":true,"audioPlay":false,"sceneViewState":{"showFog":true,"showMaterialUpdate":false,"showSkybox":true,"showFlares":true,"showImageEffects":true,"showParticleSystems":true},"in2DMode":false,"pivot":{"x":-0.7250000238418579,"y":1.0190000534057618,"z":4.881999969482422},"rotation":{"x":0.2820173501968384,"y":-0.008649959228932858,"z":0.0024960485752671959,"w":0.9594009518623352},"size":1.1677762269973755,"orthographic":false}