{"cameraMode":{"drawMode":2,"name":"Shaded Wireframe","section":"Shading Mode"},"sceneLighting":true,"audioPlay":false,"sceneViewState":{"showFog":true,"showMaterialUpdate":false,"showSkybox":true,"showFlares":true,"showImageEffects":true,"showParticleSystems":true},"in2DMode":false,"pivot":{"x":1.8591725826263428,"y":1.611728549003601,"z":6.655928611755371},"rotation":{"x":-0.13129490613937379,"y":0.7479692101478577,"z":-0.1554383486509323,"w":-0.6317831873893738},"size":5.300375938415527,"orthographic":false}