{"cameraMode":{"drawMode":2,"name":"Shaded Wireframe","section":"Shading Mode"},"sceneLighting":true,"audioPlay":false,"sceneViewState":{"showFog":true,"showMaterialUpdate":false,"showSkybox":true,"showFlares":true,"showImageEffects":true,"showParticleSystems":true},"in2DMode":false,"pivot":{"x":1.122941493988037,"y":1.996000051498413,"z":3.0918328762054445},"rotation":{"x":0.13831433653831483,"y":-0.0445508249104023,"z":0.006238640286028385,"w":0.9893829226493836},"size":0.05715762451291084,"orthographic":false}