{"cameraMode":{"drawMode":2,"name":"Shaded Wireframe","section":"Shading Mode"},"sceneLighting":true,"audioPlay":false,"sceneViewState":{"showFog":true,"showMaterialUpdate":false,"showSkybox":true,"showFlares":true,"showImageEffects":true,"showParticleSystems":true},"in2DMode":false,"pivot":{"x":-0.3831295967102051,"y":0.08626914024353028,"z":7.702512741088867},"rotation":{"x":0.21469281613826753,"y":-0.06732846051454544,"z":0.014847435988485814,"w":0.9742619395256043},"size":6.332672595977783,"orthographic":false}