{"cameraMode":{"drawMode":2,"name":"Shaded Wireframe","section":"Shading Mode"},"sceneLighting":true,"audioPlay":false,"sceneViewState":{"showFog":true,"showMaterialUpdate":false,"showSkybox":true,"showFlares":true,"showImageEffects":true,"showParticleSystems":true},"in2DMode":false,"pivot":{"x":-0.5336164832115173,"y":0.003562331199645996,"z":9.29053020477295},"rotation":{"x":0.6732112169265747,"y":0.02106478065252304,"z":-0.0191919207572937,"w":0.7389221787452698},"size":4.624697685241699,"orthographic":false}