{"cameraMode":{"drawMode":2,"name":"Shaded Wireframe","section":"Shading Mode"},"sceneLighting":true,"audioPlay":false,"sceneViewState":{"showFog":true,"showMaterialUpdate":false,"showSkybox":true,"showFlares":true,"showImageEffects":true,"showParticleSystems":true},"in2DMode":false,"pivot":{"x":0.43172740936279299,"y":-0.8397183418273926,"z":6.413352966308594},"rotation":{"x":-0.17530445754528047,"y":-0.7197237014770508,"z":0.19640213251113892,"w":-0.6424155235290527},"size":12.0318603515625,"orthographic":false}