{"cameraMode":{"drawMode":2,"name":"Shaded Wireframe","section":"Shading Mode"},"sceneLighting":true,"audioPlay":false,"sceneViewState":{"showFog":true,"showMaterialUpdate":false,"showSkybox":true,"showFlares":true,"showImageEffects":true,"showParticleSystems":true},"in2DMode":false,"pivot":{"x":1.8668615818023682,"y":1.2802727222442628,"z":7.471566200256348},"rotation":{"x":-0.13129490613937379,"y":0.7479692101478577,"z":-0.1554383486509323,"w":-0.6317831873893738},"size":5.47734260559082,"orthographic":false}