{"cameraMode":{"drawMode":2,"name":"Shaded Wireframe","section":"Shading Mode"},"sceneLighting":true,"audioPlay":false,"sceneViewState":{"showFog":true,"showMaterialUpdate":false,"showSkybox":true,"showFlares":true,"showImageEffects":true,"showParticleSystems":true},"in2DMode":false,"pivot":{"x":-3.3362443447113039,"y":1.3689683675765992,"z":6.434074401855469},"rotation":{"x":0.0786191001534462,"y":-0.07172362506389618,"z":0.005610988475382328,"w":0.9943403005599976},"size":0.9071059823036194,"orthographic":false}