{"cameraMode":{"drawMode":2,"name":"Shaded Wireframe","section":"Shading Mode"},"sceneLighting":true,"audioPlay":false,"sceneViewState":{"showFog":true,"showMaterialUpdate":false,"showSkybox":true,"showFlares":true,"showImageEffects":true,"showParticleSystems":true},"in2DMode":false,"pivot":{"x":-1.0589796304702759,"y":-0.3650815486907959,"z":9.386761665344239},"rotation":{"x":0.6101316213607788,"y":-0.052187494933605197,"z":0.04032636433839798,"w":0.7895649671554565},"size":2.1885135173797609,"orthographic":false}